city,country
Maymana,Afghanistan
Kavajë,Albania
Kukës,Albania
Kuçovë,Albania
Mollaj (Korcë),Albania
Pukë,Albania
Çorovodë (Skrapar),Albania
Lagoa,"Algarve, Portugal"
Sidi El Houari (Oran),Algeria
Sig,Algeria
Saint John's,Antigua and Barbuda
St. John's,Antigua and Barbuda
Colón,Argentina
Hurlingham,Argentina
José C. Paz,Argentina
Jáuregui,Argentina
Las Heras,Argentina
Libertador San Martín,Argentina
Llambi Campbell,Argentina
Luján,Argentina
Morón,Argentina
Olavarría,Argentina
Ostende,Argentina
Ramona,Argentina
Reconquista,Argentina
Resistencia,Argentina
Río Tercero,Argentina
San Justo,Argentina
San Martín,Argentina
San Rafael,Argentina
Santa María,Argentina
Vicente López,Argentina
Villa de Merlo,Argentina
Sevan,Armenia
Vagarshapat,Armenia
Yerevan – Davtashen,Armenia
Bega Valley,Australia
Busselton,Australia
Campaspe,Australia
Canterbury,Australia
Colac Otway,Australia
Devonport,Australia
Goulburn Mulwaree,Australia
Hilltops,Australia
Isaac,Australia
Kiama,Australia
Macedon Ranges,Australia
Manjimup,Australia
Marion,Australia
Milikapiti (Tiwi Islands),Australia
Murray Bridge,Australia
North Burnett – Gayndah,Australia
Oberon,Australia
Port Adelaide Enfield,Australia
Port Macquarie-Hastings,Australia
Queensland,Australia
Redland,Australia
Richmond Valley,Australia
Rockingham,Australia
Snowy Monaro,Australia
Southern Downs,Australia
Southern Grampians,Australia
Stratford (Wellington),Australia
Strathfield,Australia
Subiaco,Australia
Tenterfield,Australia
Tingalpa (Brisbane),Australia
Torres,Australia
Vincent,Australia
Wagin,Australia
Warringah (Northern Beaches),Australia
Warwick (Southern Downs),Australia
West Torrens,Australia
Whitsunday,Australia
Wingecarribee,Australia
Winton,Australia
Aschau im Zillertal,Austria
Deutsch-Griffen,Austria
Deutschkreuz,Austria
Eitzing,Austria
Feldkirchen bei Graz,Austria
Finkenstein am Faaker See,Austria
Haiming,Austria
Hietzing (Vienna),Austria
Hohenzell,Austria
Horn,Austria
Ischgl,Austria
Klein Sankt Paul,Austria
Krumpendorf am Wörther See,Austria
Lermoos,Austria
Leutasch,Austria
Mank,Austria
Margareten (Vienna),Austria
Mariapfarr,Austria
Mariastein,Austria
Meidling (Vienna),Austria
Mieming,Austria
Mondsee,Austria
Penzing (Vienna),Austria
Raiding,Austria
Sankt Georgen am Längsee,Austria
Sankt Jakob im Rosental,Austria
Sankt Johann im Pongau,Austria
Sankt Lorenz,Austria
Sankt Paul im Lavanttal,Austria
Schrems,Austria
Schönbach,Austria
Silz,Austria
Spillern,Austria
Steuerberg,Austria
Tamsweg,Austria
Telfes im Stubai,Austria
Vienna 11 – Simmering,Austria
Vienna 12 – Meidling,Austria
Vienna 14 – Penzing,Austria
Vienna 17 – Hernals,Austria
Vienna 19 – Döbling,Austria
Vienna 2 – Leopoldstadt,Austria
Vienna 5 – Margareten,Austria
Vils,Austria
Volders,Austria
Wies,Austria
Wolkersdorf im Weinviertel,Austria
Zell,Austria
Martuni,Azerbaijan
Mərdəkan,Azerbaijan
Naftalan,Azerbaijan
Nizami,Azerbaijan
Nizami (Baku),Azerbaijan
Nərimanov (Baku),Azerbaijan
Nəsimi (Baku),Azerbaijan
Qabala,Azerbaijan
Qala,Azerbaijan
Sahil,Azerbaijan
Salyan,Azerbaijan
Sharur,Azerbaijan
Tovuz,Azerbaijan
Xətai (Baku),Azerbaijan
Zabrat,Azerbaijan
Lagoa,"Azores, Portugal"
Kamyenyets,Belarus
Kastsyukovichy,Belarus
Kletsk,Belarus
Leninsky (Minsk),Belarus
Lyeninski (Minsk),Belarus
Marjina Horka,Belarus
Maskowski (Minsk),Belarus
Masty,Belarus
Mazyr District,Belarus
Mstsislaw,Belarus
Puchavichy District,Belarus
Puchavičy District,Belarus
Radun,Belarus
Savyetski District (Minsk),Belarus
Shklow,Belarus
Smarhon’,Belarus
Tsentralny (Minsk),Belarus
Valozhyn District,Belarus
Verkhnyadzvinsk,Belarus
Voranava District,Belarus
Edegem,Belgium
Ganshoren,Belgium
Genappe,Belgium
Lens,Belgium
Lichtervelde,Belgium
Lint,Belgium
Olen,Belgium
Ramillies,Belgium
Redu (Libin),Belgium
Zedelgem,Belgium
Zwijndrecht,Belgium
Étalle,Belgium
San Pedro,Belize
Kandi,Benin
Samaipata,Bolivia
Sicaya,Bolivia
Istočno Sarajevo – Pale,Bosnia and Herzegovina
Novi Grad,Bosnia and Herzegovina
Novo Sarajevo (Sarajevo),Bosnia and Herzegovina
Petrovac,Bosnia and Herzegovina
Sarajevo – Novo Sarajevo,Bosnia and Herzegovina
Stari Grad (Mostar),Bosnia and Herzegovina
Canoinhas,Brazil
Oeiras,Brazil
Orleans,Brazil
Prudentópolis,Brazil
Reserva,Brazil
Salinas,Brazil
Santa Bárbara,Brazil
Santa Catarina,Brazil
Santarém,Brazil
São Gonçalo,Brazil
São Mateus,Brazil
São Paulo State,Brazil
São Sebastião,Brazil
Kalofer (Karlovo),Bulgaria
Krasna Polyana (Sofia),Bulgaria
Levski,Bulgaria
Mladost (Varna),Bulgaria
Odessos District (Varna),Bulgaria
Omurtag,Bulgaria
Polikraishte (Gorna Oryahovitsa),Bulgaria
Primorski District (Varna),Bulgaria
Ravda (Nesebar),Bulgaria
Samuil,Bulgaria
Sitovo,Bulgaria
Sveti Vlas (Nesebar),Bulgaria
Tervel,Bulgaria
Triaditsa (Sofia),Bulgaria
Zlatitsa,Bulgaria
Kwaremenguel,Burkina Faso
Nioko,Burkina Faso
Poa,Burkina Faso
Péni,Burkina Faso
Silly,Burkina Faso
Yako,Burkina Faso
Zogoré,Burkina Faso
Kampong Cham,Cambodia
Kep,Cambodia
Takéo,Cambodia
Kumba,Cameroon
Gravenhurst,Canada
Halton Hills,Canada
Hanna,Canada
Hinton,Canada
Hope,Canada
Jasper,Canada
Kelowna,Canada
Kenora,Canada
Kimberley,Canada
Kingsville,Canada
Lacombe,Canada
Listowel (North Perth),Canada
Louisbourg (Cape Breton),Canada
Maple Creek,Canada
Mirabel,Canada
Mission,Canada
Mississauga,Canada
Nanton,Canada
Neuville,Canada
North Bay,Canada
North York (Toronto),Canada
Oliver,Canada
Outremont (Montreal),Canada
Pierrefonds-Roxboro (Montreal),Canada
Prince Albert,Canada
Prince George,Canada
Princeville,Canada
Quesnel,Canada
Regina,Canada
Saint-Sulpice,Canada
Sooke,Canada
Sparwood,Canada
Squamish,Canada
Stephenville,Canada
Stony Plain,Canada
Summerland,Canada
Taber,Canada
Terrebonne,Canada
Timmins,Canada
Varennes,Canada
Whistler,Canada
White Rock,Canada
Whitecourt,Canada
Paul,Cape Verde
São Lourenço dos Órgãos,Cape Verde
Pao,Chad
La Calera,Chile
Padre Las Casas,Chile
Pedro Aguirre Cerda,Chile
Puyehue,Chile
Robinson Crusoe Island (Juan Fernández Islands),Chile
San Felipe,Chile
San Fernando,Chile
Santa Cruz,Chile
Vicuña,Chile
Changping (Beijing),China
Chongqing – Nanchuan,China
Dongyang,China
Haidian (Beijing),China
Hailar (Hulunbuir),China
Haimen,China
Haiyan,China
Hangu (Tianjin),China
Hangzhou – Fuyang,China
Hangzhou – Xiaoshan,China
Harbin – Daoli,China
Hexi (Tianjin),China
Jiangdu (Yangzhou),China
Jiangjin,China
Jiaojiang (Taizhou),China
Jiaozhou,China
Jiashan,China
Jiayuguan,China
Jinan – Zhangqiu,China
Jing'an (Shanghai),China
Jinshui (Zhengzhou),China
Jintang,China
Kaihua,China
Laiwu (Jinan),China
Lianjiang,China
Lianyun (Lianyungang),China
Licheng (Jinan),China
Linxiang,China
Liwan (Guangzhou),China
Longwan (Wenzhou),China
Lushan,China
Mentougou (Beijing),China
Minhang (Shanghai),China
Minqing,China
Nanhai (Foshan),China
Nanyang,China
Nenjiang,China
Ninghai,China
Ningxia,China
Pingnan,China
Pudong (Shanghai),China
Putuo (Shanghai),China
Qiannan Buyei and Miao,China
Qichun,China
Qinghe,China
Qingyang,China
Qinhuai (Nanjing),China
Qionghai,China
Qixia (Nanjing),China
Quanshan (Xuzhou),China
Rushan,China
Shahe,China
Shandan,China
Shandong Province,China
Shangri-La,China
Shapingba (Chongqing),China
Shunyi (Beijing),China
Suzhou – Gusu,China
Tang,China
Tianjin Free-Trade Zone,China
Tiexi (Shenyang),China
Tumen,China
Wangqing,China
Wendeng (Weihai),China
Wenjiang (Chengdu),China
Wulong (Chongqing),China
Wuqing (Tianjin),China
Wuxi – Xinwu,China
Wuxi – Xishan,China
Wuyishan,China
Xiamen – Siming,China
Xiangshan,China
Xiangzhou (Xiangyang),China
Xicheng (Beijing),China
Xigang (Dalian),China
Xihai'an (Qingdao),China
Xihanggang Subdistrict (Chengdu),China
Xinbei (Changzhou),China
Xinwu (Wuxi),China
Xinyi,China
Xuhui (Shanghai),China
Xuyi,China
Yanbian,China
Yandu (Yancheng),China
Yangpu (Shanghai),China
Yangshuo,China
Yanzhou (Jining),China
Yaozhou (Tongchuan),China
Yinzhou (Ningbo),China
Yuecheng (Shaoxing),China
Yuhang (Hangzhou),China
Yulin,China
Zhaoyuan,China
Zhejiang Province,China
Zhengding,China
Honda,Colombia
Lérida,Colombia
Manzanares,Colombia
San José de Cúcuta,Colombia
San Sebastián de Mariquita,Colombia
Heredia,Costa Rica
Jasenice,Croatia
Jelsa,Croatia
Josipovac (Osijek),Croatia
Klanjec,Croatia
Kolan,Croatia
Kopačevo (Bilje),Croatia
Krnjak,Croatia
Mursko Središće,Croatia
Našice,Croatia
Podgora,Croatia
Podsused – Vrapče (Zagreb),Croatia
Privlaka,Croatia
Slatina,Croatia
Solin,Croatia
Suza (Kneževi Vinogradi),Croatia
Sveti Ilija,Croatia
Trešnjevka (Zagreb),Croatia
Vidovec,Croatia
Vis,Croatia
Zmajevac (Kneževi Vinogradi),Croatia
Čazma,Croatia
Cárdenas,Cuba
Habana del Este (Havana),Cuba
Havana – Arroyo Naranjo,Cuba
Havana – Cotorro,Cuba
Havana – Diez de Octubre,Cuba
Havana – San Miguel del Padrón,Cuba
Mariel,Cuba
Martí,Cuba
Regla (Havana),Cuba
Río Cauto,Cuba
San Miguel del Padrón (Havana),Cuba
Santiago de las Vegas (Havana),Cuba
Kioneli,Cyprus
Kiti,Cyprus
Brno-Vinohrady,Czech Republic
Bělá pod Pradědem,Czech Republic
Březnice,Czech Republic
Chýnov,Czech Republic
Doksy (Česká Lípa District),Czech Republic
Drahanská vrchovina (microregion),Czech Republic
Hejnice,Czech Republic
Horažďovice,Czech Republic
Horní Lhota,Czech Republic
Hostouň,Czech Republic
Hradištko,Czech Republic
Hrušky,Czech Republic
Husinec,Czech Republic
Hutisko-Solanec,Czech Republic
Hynčice,Czech Republic
Jindřichov,Czech Republic
Kamenná,Czech Republic
Kamenný Újezd,Czech Republic
Kanice,Czech Republic
Králova Lhota,Czech Republic
Krásno,Czech Republic
Kunratice,Czech Republic
Kunvald,Czech Republic
Lety,Czech Republic
Lomnice,Czech Republic
Lužice,Czech Republic
Medlov,Czech Republic
Milíkov,Czech Republic
Nové Sedlo,Czech Republic
Oloví,Czech Republic
Opatov,Czech Republic
Otročiněves,Czech Republic
Planá,Czech Republic
Pohoří,Czech Republic
Popovice,Czech Republic
Prague 16 – Radotín,Czech Republic
Prague 18 – Letňany,Czech Republic
Prague – Řeporyje,Czech Republic
Radslavice,Czech Republic
Rakovice,Czech Republic
Sebranice,Czech Republic
Seč,Czech Republic
Staré Město,Czech Republic
Strašice,Czech Republic
Studenec,Czech Republic
Studená,Czech Republic
Sudice,Czech Republic
Trpín,Czech Republic
Valeč,Czech Republic
Velke Opatovice,Czech Republic
Vlčice,Czech Republic
Vřesina,Czech Republic
Úsov,Czech Republic
Černovice,Czech Republic
Červená Řečice,Czech Republic
Řeporyje (Prague),Czech Republic
Ndjili,Democratic Republic of the Congo
Hammel (Favrskov),Denmark
Jyderup (Holbæk),Denmark
Møn (Vordingborg),Denmark
Nexø (Bornholm),Denmark
Nordborg (Sønderborg),Denmark
Norddjurs,Denmark
Nykøbing Sjælland (Odsherred),Denmark
Ribe (Esbjerg),Denmark
Ringkøbing-Skjern,Denmark
Them (Silkeborg),Denmark
Ølgod (Varde),Denmark
Ølstykke (Egedal),Denmark
La Vega,Dominican Republic
Los Alcarrizos,Dominican Republic
Salcedo,Dominican Republic
Saona,Dominican Republic
Manta,Ecuador
Quevedo,Ecuador
Samborondón,Ecuador
Heliopolis (Cairo),Egypt
Minya,Egypt
Monufia,Egypt
Qalyubiyya,Egypt
San Agustín,El Salvador
San Miguel,El Salvador
Sonsonate,El Salvador
Barrow upon Soar,England
Belper,England
Buntingford,England
Burham,England
Hadleigh,England
Halifax,England
Harrow,England
Hatfield,England
Hurst Green,England
Kensington and Chelsea,England
Kington,England
Knowsley,England
Leek,England
Littlethorpe,England
Lizard,England
Mabe,England
March,England
Matlock,England
Merton,England
Mildenhall,England
Narborough,England
Newbiggin by the Sea,England
Newburgh,England
Newham,England
Penrith,England
Penryn,England
Portishead,England
Pucklechurch,England
Ringwood,England
Rossendale,England
Rotherfield,England
Rothwell,England
Rye,England
Scarborough,England
South Ribble,England
Spalding,England
St Germans,England
St Neot,England
Stapleford,England
Tower Hamlets,England
Twyford,England
Welton,England
Whitworth,England
Winchester (local government district),England
Hackney,"England, United Kingdom"
Harrow,"England, United Kingdom"
Hatfield,"England, United Kingdom"
Havering,"England, United Kingdom"
Kensington and Chelsea,"England, United Kingdom"
Kenton,"England, United Kingdom"
Knowsley,"England, United Kingdom"
Leek,"England, United Kingdom"
Lingfield,"England, United Kingdom"
Littlethorpe,"England, United Kingdom"
March,"England, United Kingdom"
Matlock,"England, United Kingdom"
Mendip,"England, United Kingdom"
Narborough,"England, United Kingdom"
Newbiggin by the Sea,"England, United Kingdom"
Newburgh,"England, United Kingdom"
Newham,"England, United Kingdom"
Penrith,"England, United Kingdom"
Redbridge,"England, United Kingdom"
Rossendale,"England, United Kingdom"
Scarborough,"England, United Kingdom"
Southborough,"England, United Kingdom"
Spelthorne,"England, United Kingdom"
St Mary's Bay,"England, United Kingdom"
Street,"England, United Kingdom"
Tamworth,"England, United Kingdom"
Tewkesbury,"England, United Kingdom"
Tiverton,"England, United Kingdom"
Tower Hamlets,"England, United Kingdom"
Wallingford,"England, United Kingdom"
Waltham Forest,"England, United Kingdom"
Ware,"England, United Kingdom"
Wells,"England, United Kingdom"
Weymouth,"England, United Kingdom"
Haabersti (Tallinn),Estonia
Haanja (Võru Parish),Estonia
Helme (Tõrva),Estonia
Järva,Estonia
Kaarma (Saaremaa),Estonia
Kareda (Järva),Estonia
Kesklinn (Tallinn),Estonia
Lihula (Lääneranna),Estonia
Misso (Võru Parish),Estonia
Mõisaküla (Mulgi),Estonia
Nõva (Lääne-Nigula),Estonia
Orissaare (Saaremaa),Estonia
Padise (Lääne-Harju),Estonia
Pihtla (Saaremaa),Estonia
Pirita (Tallinn),Estonia
Põhja-Tallinn (Tallinn),Estonia
Pühalepa (Hiiumaa),Estonia
Saare (Jõgeva),Estonia
Tallinn – Kesklinn,Estonia
Tarvastu (Viljandi Parish),Estonia
Torma (Jõgeva),Estonia
Tõstamaa (Järva),Estonia
Valjala (Saaremaa),Estonia
Varbla (Lääneranna),Estonia
Vastseliina (Võru Parish),Estonia
Vändra (Põhja-Pärnumaa),Estonia
Hauho (Hämeenlinna),Finland
Jeppo (Nykarleby),Finland
Kiikala (Salo),Finland
Kisko (Salo),Finland
Kuusankoski (Kouvola),Finland
Muurla (Salo),Finland
Mäntsälä,Finland
Pernå (Loviisa),Finland
Vihanti (Raahe),Finland
Ajaccio,France
Audierne,France
Beautor,France
Bergerac (communauté),France
Betz,France
Bouliac,France
Clérieux,France
Collioure,France
Courchevel,France
Cuincy,France
Côte d'Opale (communauté),France
Droué,France
Gisors-Epte-Lévrière (intercommunality),France
Gonesse,France
Guichen,France
Isdes,France
Juan-les-Pins (Antibes),France
Kochersberg (communauté),France
L'Hôpital,France
L'Isle-Jourdain,France
L'Épine,France
La Ferté-Macé,France
La Madeleine,France
La Porte-du-Der,France
La Roche-Blanche,France
La Roque-d'Anthéron,France
La Valette du Var,France
La Vergne,France
Landévennec,France
Laurens,France
Le Faouët,France
Le Touquet-Paris-Plage,France
Les Pennes-Mirabeau,France
Lignières,France
Limas,France
Longchamp,France
Luc-sur-Mer,France
Luynes,France
Luzarches,France
Malakoff,France
Malguénac,France
Marans,France
Marines,France
Marle,France
Marly,France
Marmagne,France
Marseillan,France
Martel,France
Massy,France
Maule,France
Mauron,France
Mommenheim,France
Moncé-en-Belin,France
Montignac,France
Montreuil-sur-Ille,France
Monts,France
Morangis,France
Moyenneville,France
Murat,France
Méricourt,France
Noyers,France
Nérac,France
Oissel,France
Ozoir-la-Ferrière,France
Parcé-sur-Sarthe,France
Paulhan,France
Plougonven,France
Plouguerneau,France
Plouhinec,France
Plourhan,France
Pompey,France
Pont-Audemer,France
Prades,France
Primelin,France
Pringy,France
Péchabou,France
Renaison,France
Rives,France
Rousies,France
Rousset,France
Roye,France
Ruffec,France
Ry,France
Région d'Audruicq,France
Saint-Avertin,France
Saint-Chamond,France
Saint-Chéron,France
Saint-Claude,France
Saint-Colomban,France
Saint-Cyr-Sur-Loire,France
Saint-Donat-sur-l'Herbasse,France
Saint-Grégoire,France
Saint-Jean-d'Angély,France
Saint-M'Hervé,France
Saint-Martial,France
Saint-Martin-des-Champs,France
Saint-Philbert-de-Grand-Lieu,France
Saint-Priest,France
Saint-Savin,France
Saint-Vérand,France
Sainte-Agnès,France
Sainte-Eulalie,France
Saline,France
Sathonay-Camp,France
Sedan,France
Senantes,France
Seynod (Annecy),France
Somme,France
Sorbiers,France
Sézanne,France
Thann,France
Thiers,France
Thonon-les-Bains,France
Trun,France
Vaux,France
Villars,France
Villedômer,France
Villeneuve d'Ascq,France
Villepinte,France
Vitrolles,France
École-Valentin,France
Étrépagny,France
Mahina,French Polynesia
Papenoo,French Polynesia
Isani (Tbilisi),Georgia
Lanchkhuti,Georgia
Oni,Georgia
Vake-Saburtalo (Tbilisi),Georgia
Gori,Georgia (country)
Lanchkhuti,Georgia (country)
Martvili,Georgia (country)
Tsqaltubo,Georgia (country)
Ailertchen,Germany
Amberg-Sulzbach (district),Germany
Bad Arolsen,Germany
Bischofsgrün,Germany
Borgholzhausen,Germany
Bredenbek,Germany
Burglengenfeld,Germany
Einhausen,Germany
Ellerhoop,Germany
Enz (district),Germany
Erbach an der Donau,Germany
Erbach im Odenwald,Germany
Freckenfeld,Germany
Freyung-Grafenau (district),Germany
Hainichen,Germany
Hamborn (Duisburg),Germany
Hardtberg (Bonn),Germany
Hennstedt,Germany
Heringen (Werra),Germany
Heringen/Helme,Germany
Hersfeld-Rotenburg (district),Germany
Hochsauerland (district),Germany
Hohenfels,Germany
Hude,Germany
Kaisten (Wasserlosen),Germany
Kampen,Germany
Kandel,Germany
Kastl,Germany
Kaufering,Germany
Kernen im Remstal,Germany
Kinheim,Germany
Kranenburg,Germany
Königslutter am Elm,Germany
Lahn-Dill (district),Germany
Laufen,Germany
Leck,Germany
Liebertwolkwitz (Leipzig),Germany
Lilienthal,Germany
Limburg-Weilburg (district),Germany
Lindow,Germany
Lüchow-Dannenberg (district),Germany
Mainz – Finthen,Germany
Mainz – Laubenheim,Germany
Mainz-Kostheim (Wiesbaden),Germany
Marbach am Neckar,Germany
Marburg-Biedenkopf (district),Germany
Mariazell (Eschbronn),Germany
Mechterstädt (Hörsel),Germany
Meßkirch,Germany
Misburg-Anderten (Hanover),Germany
Mitte (Hamburg),Germany
Mulda,Germany
Märkisch-Oderland (district),Germany
Märkischer (district),Germany
Mölln,Germany
Mühlheim am Main,Germany
Münchberg,Germany
Nentershausen,Germany
Neuenkirchen,Germany
Nidda,Germany
Nienhagen,Germany
Nieste,Germany
Nord-Ost (Frankfurt),Germany
Oberhof,Germany
Odenwald (district),Germany
Oder-Spree (district),Germany
Odernheim,Germany
Osterburg,Germany
Ostholstein (district),Germany
Ottobeuren,Germany
Oybin,Germany
Pfaffenweiler,Germany
Pillnitz (Dresden),Germany
Poing,Germany
Polling,Germany
Rauschenberg,Germany
Reichelsheim,Germany
Reil,Germany
Rems-Murr (district),Germany
Rendsburg-Eckernförde (district),Germany
Rhein-Lahn (district),Germany
Rhein-Neckar (district),Germany
Rheingau-Taunus (district),Germany
Roding,Germany
Rohrdorf,Germany
Rüdesheim,Germany
Saarland,Germany
Schenefeld,Germany
Schleswig-Flensburg (district),Germany
Schwalm-Eder (district),Germany
Schwarzenberg,Germany
Schweich,Germany
Schwendi,Germany
Seehausen,Germany
Seelbach,Germany
Simmern,Germany
Spree-Neiße (district),Germany
Stadtlengsfeld (Dermbach),Germany
Staufenberg,Germany
Steinbach,Germany
Steinberg,Germany
Steinhagen,Germany
Stelle,Germany
Stolberg,Germany
Stolberg (Südharz),Germany
Strasburg,Germany
Taufkirchen,Germany
Teltow-Fläming (district),Germany
Unstrut-Hainich (district),Germany
Utenbach (Mertendorf),Germany
Vacha,Germany
Vaihingen (Stuttgart),Germany
Vogelsberg (district),Germany
Wald,Germany
Waldeck-Frankenberg (district),Germany
Waldthurn,Germany
Wandsbek (Hamburg),Germany
Waren an der Müritz,Germany
Wartburg (district),Germany
Wedemark,Germany
Wehr,Germany
Weida,Germany
Wenigumstadt (Großostheim),Germany
Werra-Meißner (district),Germany
Wesenberg,Germany
Wesermarsch (district),Germany
Westerwald (district),Germany
Wetter,Germany
Wetterau (district),Germany
Wiek,Germany
Wiesbaden – Biebrich,Germany
Wiesbaden – Mainz-Kostheim,Germany
Winsen,Germany
Winterbach,Germany
Wintersdorf (Meuselwitz),Germany
Worms – Pfeddersheim,Germany
Wustrow,Germany
Zulpich,Germany
Tamale,Ghana
Agios Pavlos,Greece
Hydra,Greece
Itea,Greece
Marathon,Greece
Moudania,Greece
Neapoli,Greece
Nestos,Greece
Nikaia,Greece
Oia,Greece
Panorama,Greece
Pylos-Nestor,Greece
Pyrgos,Greece
Rigas Feraios,Greece
Salamina,Greece
Saronikos,Greece
Sikyona,Greece
Ittoqqortoormiit (Sermersooq),Greenland
Qasigiannguit (Qeqertalik),Greenland
Upernavik (Avannaata),Greenland
Hagåtña,Guam
La Blanca,Guatemala
Tejutla,Guatemala
Quinhámel,Guinea-Bissau
Linden,Guyana
Trujillo,Honduras
Budapest XVI,Hungary
Fajsz,Hungary
Győr-Moson-Sopron,Hungary
Győrszentiván (Győr),Hungary
Igal,Hungary
Iliny,Hungary
Jász-Nagykun-Szolnok County,Hungary
Jászalsószentgyörgy,Hungary
Jászdózsa,Hungary
Kismaros,Hungary
Komárom-Esztergom,Hungary
Lőrinci,Hungary
Magyarcsanád,Hungary
Markaz,Hungary
Mátraderecske,Hungary
Nyírmada,Hungary
Palkonya,Hungary
Pilis,Hungary
Pásztó,Hungary
Szilvásvárad,Hungary
Tar,Hungary
Tardos,Hungary
Tárnok,Hungary
Zengőalja (microregion),Hungary
Zomba,Hungary
Nagpur,India
Jayapura,Indonesia
Kota Tua (Jakarta),Indonesia
Mataram,Indonesia
Siak,Indonesia
Subang,Indonesia
Sari,Iran
Shahin Shahr,Iran
Zanjan,Iran
Al-Qa'im,Iraq
Karrada (Baghdad),Iraq
Cahir,Ireland
Killaloe,Ireland
Laragh,Ireland
Lismore,Ireland
Mayo,Ireland
New Ross,Ireland
Oldcastle,Ireland
Westport,Ireland
Carmel (Har Hevron),Israel
Hof Ashkelon,Israel
Lev HaSharon,Israel
Megiddo,Israel
Neve Shalom (Mateh Yehuda),Israel
Ramat HaNegev,Israel
Tamar,Israel
Tira,Israel
Allumiere,Italy
Arcevia,Italy
Arluno,Italy
Arnasco,Italy
Ascoli Piceno Province,Italy
Calcinaia,Italy
Castelnuovo Rangone,Italy
Colloredo di Monte Albano,Italy
Drezzo (Colverde),Italy
Impruneta,Italy
Iseo,Italy
Ispica,Italy
La Cassa,Italy
La Maddalena,Italy
Lamezia Terme,Italy
Latiano,Italy
Legnago,Italy
Leini,Italy
Leni,Italy
Leonessa,Italy
Lerma,Italy
Loria,Italy
Maglie,Italy
Magreglio,Italy
Maida,Italy
Manzano,Italy
Marzabotto,Italy
Massa Lombarda,Italy
Massa e Cozzile,Italy
Mathi,Italy
Menfi,Italy
Metaponto (Bernalda),Italy
Milena,Italy
Milo,Italy
Mira,Italy
Modica,Italy
Molise,Italy
Mondragone,Italy
Monreale,Italy
Montalcino,Italy
Montefortino,Italy
Montepulciano,Italy
Montereale Valcellina,Italy
Monteroni di Lecce,Italy
Montescudaio,Italy
Montese,Italy
Morano Calabro,Italy
Mori,Italy
Municipio XV (Rome),Italy
Mühlbach,Italy
Nazzano,Italy
Neumarkt,Italy
Nicolosi,Italy
Noci,Italy
Norma,Italy
Noto,Italy
Nove,Italy
Oderzo,Italy
Olevano Romano,Italy
Olevano sul Tusciano,Italy
Olgiate Comasco,Italy
Oria,Italy
Osimo,Italy
Ozzano dell'Emilia,Italy
Paderno Dugnano,Italy
Palazzolo Acreide,Italy
Palermo Province,Italy
Paliano,Italy
Palmi,Italy
Paola,Italy
Parma Province,Italy
Pavia Province,Italy
Pavia di Udine,Italy
Pesaro and Urbino,Italy
Peschici,Italy
Piano di Sorrento,Italy
Piazza al Serchio,Italy
Piegaro,Italy
Pievepelago,Italy
Pineto,Italy
Pisa Province,Italy
Pisogne,Italy
Pisoniano,Italy
Poggio a Caiano,Italy
Polesella,Italy
Ponte nelle Alpi,Italy
Pontinia,Italy
Pordenone Province,Italy
Porto Viro,Italy
Povo (Trento),Italy
Prata di Pordenone,Italy
Prato Province,Italy
Quartu Sant'Elena,Italy
Racalmuto,Italy
Reana del Rojale,Italy
Riccia,Italy
Riva di Solto,Italy
Rivarolo Canavese,Italy
Rivarolo del Re ed Uniti,Italy
Rocca di Cambio,Italy
Rocca di Papa,Italy
Roccastrada,Italy
Rocchetta Sant'Antonio,Italy
Rodeneck,Italy
Rosta,Italy
Roverbella,Italy
Sagrado,Italy
Saint-Christophe,Italy
Salle,Italy
Samarate,Italy
San Damiano d'Asti,Italy
San Giorgio Ionico,Italy
San Giovanni Valdarno,Italy
San Gregorio Magno,Italy
San Lorenzo,Italy
San Lorenzo in Campo,Italy
San Martino Buon Albergo,Italy
San Severo,Italy
San Vendemiano,Italy
Sannazzaro de' Burgondi,Italy
Sant'Ambrogio di Valpolicella,Italy
Sant'Ambrogio sul Garigliano,Italy
Sant'Anastasia,Italy
Sant'Angelo d'Alife,Italy
Sant'Oreste,Italy
Santa Maria di Sala,Italy
Sasso Marconi,Italy
Sauze d'Oulx,Italy
Savogna d'Isonzo,Italy
Scalenghe,Italy
Sciacca,Italy
Scilla,Italy
Sedegliano,Italy
Seravezza,Italy
Serramazzoni,Italy
Serravalle Pistoiese,Italy
Sestu,Italy
Settimo Torinese,Italy
Sexten,Italy
Sezze,Italy
Sonnino,Italy
Sora,Italy
Sperlonga,Italy
Subiaco,Italy
Syracuse,Italy
Tavagnacco,Italy
Teramo Province,Italy
Tivoli,Italy
Tolentino,Italy
Tolve,Italy
Toro,Italy
Torre Pellice,Italy
Torrevecchia Pia,Italy
Torrice,Italy
Tramonti,Italy
Tremosine sul Garda,Italy
Treviglio,Italy
Treviso Province,Italy
Trivero (Valdilana),Italy
Turi,Italy
Valeggio sul Mincio,Italy
Valmontone,Italy
Valsolda,Italy
Venezia,Italy
Veroli,Italy
Viadana,Italy
Vibo Valentia,Italy
Vigarano Mainarda,Italy
Villa Lagarina,Italy
Villafalletto,Italy
Villanova Canavese,Italy
Villazzano (Trento),Italy
Vò,Italy
Zoppola,Italy
Kong,Ivory Coast
Man,Ivory Coast
San-Pédro,Ivory Coast
Saint Elizabeth,Jamaica
Tōmi,Japa
Aizuwakamatsu,Japan
Akō,Japan
Annaka,Japan
Bandai,Japan
Bandō,Japan
Echizen,Japan
Fuchū,Japan
Hachijō,Japan
Hakusan,Japan
Hida,Japan
Hidaka,Japan
Higashichikuma District,Japan
Hioki,Japan
Horokanai,Japan
Ibigawa,Japan
Ichihara,Japan
Ichinoseki,Japan
Iizuka,Japan
Imari,Japan
Ina,Japan
Isa,Japan
Isehara,Japan
Ishigaki,Japan
Itabashi (Tokyo),Japan
Itakura,Japan
Iwaizumi,Japan
Iwanai,Japan
Izumizaki,Japan
Kahoku,Japan
Kai,Japan
Kakuda,Japan
Kamaishi,Japan
Kami,Japan
Kamifurano,Japan
Kamimine,Japan
Kaminokuni,Japan
Kamisunagawa,Japan
Kamogawa,Japan
Kan'onji,Japan
Kanda,Japan
Kanonji,Japan
Kanuma,Japan
Kariya,Japan
Karuizawa,Japan
Kashima,Japan
Kasugai,Japan
Kawanishi,Japan
Kazuno,Japan
Kitahiroshima,Japan
Kizugawa,Japan
Kokonoe,Japan
Koori,Japan
Kosai,Japan
Kuki,Japan
Kumano,Japan
Kumatori,Japan
Kumejima,Japan
Kurayoshi,Japan
Kuroishi,Japan
"Kusatsu, Shiga",Japan
Kutchan,Japan
Kyōgoku,Japan
Kyōtamba,Japan
Kōshū,Japan
Kōtō (Tokyo),Japan
Marumori,Japan
Masuda,Japan
Matsuura,Japan
Meguro (Tokyo),Japan
Miharu,Japan
Mikawa,Japan
Mimasaka,Japan
Minamata,Japan
Minami,Japan
Minamiashigara,Japan
Minobu,Japan
Minokamo,Japan
Misato,Japan
Mito,Japan
Mitoyo,Japan
Mombetsu,Japan
Moriguchi,Japan
Moriyama,Japan
Mukō,Japan
Munakata,Japan
Murayama,Japan
Muroto,Japan
Musashino,Japan
Nagai,Japan
Naganuma,Japan
Nagato,Japan
Naka,Japan
Nakano,Japan
Nakano (Tokyo),Japan
Nakasatsunai,Japan
Namerikawa,Japan
Nankoku,Japan
Nanto,Japan
Naoshima,Japan
Nemuro,Japan
Nerima (Tokyo),Japan
Nikaho,Japan
Nirasaki,Japan
Nishiwaki,Japan
Nisshin,Japan
Nonoichi,Japan
Nosegawa,Japan
Ogasawara,Japan
Okaya,Japan
Okinoshima,Japan
Omaezaki,Japan
Omihachiman,Japan
Ono,Japan
Otari,Japan
Rankoshi,Japan
Rikuzentakata,Japan
Rumoi,Japan
Sakado,Japan
Sakawa,Japan
Sakuragawa,Japan
Sakurai,Japan
Sanjō,Japan
Sanuki,Japan
Saroma,Japan
Satsumasendai,Japan
Seika,Japan
Semboku,Japan
Shibetsu,Japan
Shikama,Japan
Shikaoi,Japan
Shimamoto,Japan
Shimanto,Japan
Shimizu,Japan
Shimokawa,Japan
Shingū,Japan
Shinhidaka,Japan
Shirahama,Japan
Shirakawa,Japan
Sugito,Japan
Sukagawa,Japan
Sōbetsu,Japan
Tahara,Japan
Taiji,Japan
Takachiho,Japan
Takahama,Japan
Takaoka,Japan
Takasago,Japan
Takasu,Japan
Taketa,Japan
Tamana,Japan
Tamba-Sasayama,Japan
Tanba,Japan
Tateshina,Japan
Teshio,Japan
Toki,Japan
Tokyo – Chūō,Japan
Tokyo – Itabashi,Japan
Tokyo – Kōtō,Japan
Tokyo – Shinagawa,Japan
Toshima (Tokyo),Japan
Tosu,Japan
Toyokoro,Japan
Toyooka,Japan
Tsubetsu,Japan
Tsuru,Japan
Tsuruta,Japan
Tsuwano,Japan
Uchinada,Japan
Unzen,Japan
Urasoe,Japan
Wajima,Japan
Wakasa,Japan
Wake,Japan
Wakō,Japan
Wanouchi,Japan
Warabi,Japan
Yachiyo,Japan
Yamada,Japan
Yamato,Japan
Yamatotakada,Japan
Yamatsuri,Japan
Yanai,Japan
Yao,Japan
Yasugi,Japan
Yoshikawa,Japan
Yotsukaidō,Japan
Yuasa,Japan
Yuni,Japan
Yurihama,Japan
Yōrō,Japan
Yūbetsu,Japan
Zama,Japan
Zentsūji,Japan
Ōda,Japan
Ōkawa,Japan
Ōshima,Japan
Ōtake,Japan
Saint Helier,Jersey
Al-Shuna al-Shamalyah,Jordan
Kurchatov,Kazakhstan
Esabalu,Kenya
Taveta,Kenya
Uasin Gishu,Kenya
Malisheva,Kosovo
Viti,Kosovo
Uzgen,Kyrgyzstan
Savannakhet,Laos
Aizkraule,Latvia
Gulbene – Lizums,Latvia
Limbaži – Aloja,Latvia
Rūjiena (Valmiera),Latvia
Valmiera – Naukšēni,Latvia
Ērgļi,Latvia
Dinniyeh,Lebanon
Jezzine,Lebanon
Shatila,Lebanon
Matsieng,Lesotho
Zawiya,Libya
Jašiūnai (Šalčininkai),Lithuania
Joniškis – Žagarė,Lithuania
Lentvaris (Trakai),Lithuania
Naujoji Vilnia (Vilnius),Lithuania
Nevarėnai (Telšiai),Lithuania
Rudamina,Lithuania
Žagarė (Joniškis),Lithuania
Préizerdaul,Luxembourg
Rumelange,Luxembourg
Schengen,Luxembourg
Waldbredimus,Luxembourg
Tamatave,Madagascar
Padawan – Uma Bawang,Malaysia
Karakoro,Mali
Kita,Mali
Massala,Mali
Nara,Mali
Tinkaré,Mali
Hamrun,Malta
Kirkop,Malta
Mġarr,Malta
Paola,Malta
Saint Paul's Bay,Malta
San Ġwann,Malta
Sannat,Malta
Victoria,Malta
Jaluit Atoll,Marshall Islands
Wotje Atoll,Marshall Islands
Saint-Joseph,"Martinique, France"
Sagne,Mauritania
"Cuautla, Jalisco",Mexico
Gómez Palacio,Mexico
Hidalgo,Mexico
Janos,Mexico
Jesús María,Mexico
Jiménez,Mexico
La Antigua,Mexico
Lampazos de Naranjo,Mexico
Lerdo,Mexico
Lázaro Cárdenas,Mexico
Marín,Mexico
Mexico City – Cuauhtémoc,Mexico
Mexticacán,Mexico
Nahuatzen,Mexico
Nezahualcóyotl,Mexico
Nicolás Romero,Mexico
Nogales,Mexico
Nuevo Parangaricutiro,Mexico
Othón P. Blanco,Mexico
Pabellón de Arteaga,Mexico
Paracho,Mexico
Petatlán,Mexico
Piedras Negras,Mexico
Poncitlán,Mexico
Querétaro City,Mexico
Quiroga,Mexico
Santa Bárbara,Mexico
Satevó,Mexico
Solidaridad,Mexico
Talpa de Allende,Mexico
Tancitaro,Mexico
Taretán,Mexico
Tecámac,Mexico
Tepic,Mexico
Tizapán El Alto,Mexico
Tlahualilo,Mexico
Tulancingo de Bravo,Mexico
Tultitlán,Mexico
Vista Hermosa,Mexico
Yanga,Mexico
Pohnpei,Micronesia
Măgdăcești,Moldova
Văsieni,Moldova
Khan Uul (Ulaanbaatar),Mongolia
Khövsgöl,Mongolia
Nalaikh (Ulaanbaatar),Mongolia
Orkhon,Mongolia
Selenge,Mongolia
Songino Khairkhan (Ulaanbaatar),Mongolia
Sükhbaatar (Ulaanbaatar),Mongolia
Uvs,Mongolia
Petnjica,Montenegro
Tuzi,Montenegro
Maârif (Casablanca),Morocco
Skhirat,Morocco
Zagora,Morocco
KaMubukwana (Maputo),Mozambique
Maxixe,Mozambique
Monapo,Mozambique
Quelimane,Mozambique
Tete,Mozambique
Mariental,Namibia
Indrawati,Nepal
Beemster,Netherlands
Buren,Netherlands
Esch (Haaren),Netherlands
Haaren,Netherlands
Haaren – Esch,Netherlands
Limmen (Castricum),Netherlands
Lith (Oss),Netherlands
Maarssen (Stichtse Vecht),Netherlands
Middelburg,Netherlands
Nieuwpoort (Molenwaard),Netherlands
Soest,Netherlands
Stadskanaal,Netherlands
Woerden,Netherlands
Zwijndrecht,Netherlands
het Bildt (Waadhoeke),Netherlands
Oamaru (Waitaki),New Zealand
Queenstown-Lakes,New Zealand
South Taranaki,New Zealand
Stratford,New Zealand
Whangarei,New Zealand
Whitianga (Thames-Coromandel),New Zealand
El Jícaro,Nicaragua
Jinotepe,Nicaragua
La Libertad,Nicaragua
Posoltega,Nicaragua
San Isidro,Nicaragua
Santa Teresa,Nicaragua
Villanueva,Nicaragua
Wiwilí de Jinotega,Nicaragua
Kollo,Niger
Kouré,Niger
Udu,Nigeria
Umuaka,Nigeria
Mangyongdae (Pyongyang),North Korea
Kratovo,North Macedonia
Petrovec,North Macedonia
Skopje – Aerodrom,North Macedonia
Skopje – Gjorče Petrov,North Macedonia
Češinovo-Obleševo,North Macedonia
Ayios Seryios,Northern Cyprus
Newcastle,"Northern Ireland, United Kingdom"
Saipan,Northern Mariana Islands
Lesja,Norway
Lærdal,Norway
Malvik,Norway
Marker,Norway
Melhus,Norway
Måløy (Kinn Municipality),Norway
Måsøy,Norway
Namsos,Norway
Nesseby,Norway
Nome,Norway
Nordkapp,Norway
Odda,Norway
Os,Norway
Saltdal,Norway
Sogndal,Norway
Sortland,Norway
Sørfold,Norway
Ulstein,Norway
Ulvik,Norway
Vestre Toten,Norway
Vågå,Norway
Åndalsnes (Rauma),Norway
Årstad (Bergen),Norway
Åsnes,Norway
Ørsta,Norway
Shangla,Pakistan
Birzeit,Palestine
East Jerusalem,Palestine
Marda,Palestine
Mas-ha,Palestine
Ramallah and al-Bireh,Palestine
Santiago de Veraguas,Panama
Vanimo,Papua New Guinea
Hernandarias,Paraguay
San Juan Nepomuceno,Paraguay
Santa María de Fe,Paraguay
Lampa,Peru
León,Peru
Magdalena del Mar,Peru
Oxapampa,Peru
San Isidro,Peru
San Jerónimo,Peru
Santa María del Mar,Peru
Lapu-Lapu,Philippines
Passi,Philippines
Rizal,Philippines
Roxas,Philippines
San Fernando,Philippines
San Juan,Philippines
Urdaneta,Philippines
Valenzuela,Philippines
Borów,Poland
Czarnków,Poland
Dębica (rural gmina),Poland
Giżycko (rural gmina),Poland
Grybów (rural gmina),Poland
Górowo Iławeckie (rural gmina),Poland
Górzyca,Poland
Iława (rural gmina),Poland
Jasienica,Poland
Jaworze,Poland
Kedzierzyn-Kozle,Poland
Koszyce,Poland
Koziegłowy,Poland
Kozłowo,Poland
Krzeszów,Poland
Kunice,Poland
Kętrzyn (rural gmina),Poland
Kłodzko (rural gmina),Poland
Lesznowola,Poland
Leżajsk (rural gmina),Poland
Limanowa (rural gmina),Poland
Lipinki,Poland
Lubicz,Poland
Lubiewo,Poland
Lubin,Poland
Lubin (rural gmina),Poland
Lwówek Śląski County,Poland
Marcinowice,Poland
Mieścisko,Poland
Mokotów (Warsaw),Poland
Nowa Huta (Kraków),Poland
Nowa Ruda (rural gmina),Poland
Nowy Targ (rural gmina),Poland
Old Town (Kraków),Poland
Ostaszewo,Poland
Ostróda (rural gmina),Poland
Ostrów Mazowiecka (rural gmina),Poland
Oława (rural gmina),Poland
Piaski,Poland
Piecki,Poland
Pietrowice Wielkie,Poland
Popielów,Poland
Porąbka,Poland
Praga (Warsaw),Poland
Pruszcz,Poland
Przemęt,Poland
Raciechowice,Poland
Rogoźnik (Gmina Nowy Targ),Poland
Rudy (Kuźnia Raciborska),Poland
Sanok (rural gmina),Poland
Sierakowice,Poland
Smołdzino,Poland
Sobota (Lwówek Śląski),Poland
Suwałki (rural gmina),Poland
Targówek (Warsaw),Poland
Tarnów (rural gmina),Poland
Tułowice,Poland
Wicko,Poland
Wierzchowo,Poland
Wólka,Poland
Włodowice,Poland
Zakrzówek,Poland
Zator,Poland
Zebrzydowice,Poland
Łambinowice,Poland
Łubowo,Poland
Łącko,Poland
Łączna,Poland
Łęknica,Poland
Świdnica (rural gmina),Poland
Świerklany,Poland
Arruda dos Vinhos,Portugal
Horta,Portugal
"Lagoa, Algarve",Portugal
Mira,Portugal
Montijo,Portugal
Mêda,Portugal
Oleiros,Portugal
Paredes,Portugal
Santa Cruz,Portugal
Soure,Portugal
São Pedro do Sul,Portugal
Trancoso,Portugal
Óbidos,Portugal
Mayagüez,Puerto Rico
Ponce,Puerto Rico
Yauco,Puerto Rico
Ballylanders,Republic of Ireland
Cahir,Republic of Ireland
Castleblayney,Republic of Ireland
County Wexford,Republic of Ireland
Ferns,Republic of Ireland
Inniscarra,Republic of Ireland
Kilkee,Republic of Ireland
Killaloe,Republic of Ireland
Laragh,Republic of Ireland
Lismore,Republic of Ireland
Lusk,Republic of Ireland
Monasterboice,Republic of Ireland
Oldcastle,Republic of Ireland
Rathcoole,Republic of Ireland
Shannon,Republic of Ireland
Skerries,Republic of Ireland
Swords,Republic of Ireland
Trim,Republic of Ireland
Whitegate,Republic of Ireland
Hârșova,Romania
Idrifaia (Suplac),Romania
Inlăceni (Atid),Romania
Livada,Romania
Lunca,Romania
Mihăileni,Romania
Miroslava,Romania
Murgești (Acățari),Romania
Mădăraș,Romania
Orăştie,Romania
Pantelimon,Romania
Petrești,Romania
Petroşani,Romania
Piteşti,Romania
Ploieşti,Romania
Popești,Romania
Racoş,Romania
Rovinari,Romania
Sebeş,Romania
Sighişoara,Romania
Slatina,Romania
Sărățeni,Romania
Tomești,Romania
Topliţa,Romania
Turia,Romania
Târgu-Jiu,Romania
Târnova,Romania
Vinga,Romania
Vişeu de Sus,Romania
Vorona,Romania
Vulcan,Romania
Vânători (Mișca),Romania
Zagon,Romania
Șiclod (Atid),Romania
Eastern AO (Moscow),Russia
Ivanteyevka,Russia
Kambarka,Russia
Kashin,Russia
Khoroshyovo-Mnyovniki (Moscow),Russia
Kolpino (Saint Petersburg),Russia
Kommunar,Russia
Koptevo (Moscow),Russia
Kotlas,Russia
Krasnogorsky District,Russia
Krasnogvardeysky (Saint Petersburg),Russia
Krasnoselsky (Saint Petersburg),Russia
Kurchatov,Russia
Kurgan,Russia
Kuzminki (Moscow),Russia
Lazarevsky (Sochi),Russia
Leninsky District,Russia
Lermontov,Russia
Meshchansky (Moscow),Russia
Mitino (Moscow),Russia
Monchegorsk,Russia
Mytischi,Russia
Nevsky (Saint Petersburg),Russia
North-Eastern AO (Moscow),Russia
Northern AO (Moscow),Russia
Novokosino (Moscow),Russia
Novoye Devyatkino,Russia
Ostrov,Russia
Perovo (Moscow),Russia
Pervouralsk,Russia
Plyos,Russia
Pochinkovsky District,Russia
Pogranichny,Russia
Pokhvistnevo,Russia
Provideniya,Russia
Pushkino,Russia
Roshchino,Russia
Ryazansky (Moscow),Russia
Sarov,Russia
Severnoye Tushino (Moscow),Russia
Shcherbinka (Moscow),Russia
Shchigry,Russia
Shchukino (Moscow),Russia
Shuya,Russia
Sokol,Russia
Sokol (Moscow),Russia
Sokolinaya Gora (Moscow),Russia
Solntsevo (Moscow),Russia
South-Eastern AO (Moscow),Russia
South-Western AO (Moscow),Russia
Sovetsky,Russia
Timashyovsk,Russia
Troitsk,Russia
Umba,Russia
Uvarovo,Russia
Vanino,Russia
Vidnoye,Russia
Vyborg (Saint Petersburg),Russia
Yuzhnoye Tushino (Moscow),Russia
Ndiza,Rwanda
Ruhondo,Rwanda
Rusatira,Rwanda
Ruyumba,Rwanda
Le Port,"Réunion, France"
Argyll and Bute,Scotland
Carnoustie,Scotland
Dalgety Bay and Hillend,Scotland
Dunbar,Scotland
Edzell,Scotland
Eyemouth,Scotland
Hamilton,Scotland
Irvine,Scotland
Lerwick,Scotland
Lower Largo,Scotland
Moffat,Scotland
Montrose,Scotland
Selkirk,Scotland
Wick,Scotland
Dalgety Bay and Hillend,"Scotland, United Kingdom"
Hamilton,"Scotland, United Kingdom"
Irvine,"Scotland, United Kingdom"
Kelso,"Scotland, United Kingdom"
Letham,"Scotland, United Kingdom"
Leven,"Scotland, United Kingdom"
Selkirk,"Scotland, United Kingdom"
Wick,"Scotland, United Kingdom"
Biffeche,Senegal
Kafountine,Senegal
Nabadji Civol,Senegal
Oussouye,Senegal
Richard Toll,Senegal
Sokone,Senegal
Janošik (Alibunar),Serbia
Lalić (Odžaci),Serbia
Martonoš (Kanjiža),Serbia
Novi Itebej (Žitiště),Serbia
Palilula (Belgrade),Serbia
Pačir (Bačka Topola),Serbia
Petrovac,Serbia
Požega,Serbia
Rača,Serbia
Ruski Krstur (Kula),Serbia
Rusko Selo (Kikinda),Serbia
Skorenovac (Kovin),Serbia
Stara Moravica (Bačka Topola),Serbia
Torda (Žitište),Serbia
Totovo Selo (Kanjiža),Serbia
Trstenik,Serbia
Čantavir (Subotica),Serbia
Šupljak (Subotica),Serbia
Hrušov,Slovakia
Jarovce (Bratislava),Slovakia
Jasenovo,Slovakia
Kováčová,Slovakia
Košice-Juh (Košice),Slovakia
Kráľova Lehota,Slovakia
Kálnica,Slovakia
Lazany,Slovakia
Makov,Slovakia
Nad jazerom (Košice),Slovakia
Nové Mesto (Bratislava),Slovakia
Nána,Slovakia
Oravská Poruba,Slovakia
Petržalka (Bratislava),Slovakia
Rakovice,Slovakia
Sečianky,Slovakia
Trnávka,Slovakia
Vajnory (Bratislava),Slovakia
Veľká Lomnica,Slovakia
Zlatá Baňa,Slovakia
Zuberec,Slovakia
Záhorská Bystrica (Bratislava),Slovakia
Miren-Kostanjevica,Slovenia
Naklo,Slovenia
Ribnica,Slovenia
Vodice,Slovenia
Kimberley,South Africa
Oukasie,South Africa
Ray Nkonyeni,South Africa
Rustenburg – Mathopestad,South Africa
Sol Plaatje,South Africa
Buan,South Korea
Cheongdo,South Korea
Cheorwon,South Korea
Daejeon – Yuseong,South Korea
Haeundae (Busan),South Korea
Haman,South Korea
Hongcheon,South Korea
Jangam-myeon (Buyeo),South Korea
Jeongseon,South Korea
Jeungpyeong,South Korea
Jongno (Seoul),South Korea
Jung (Daejeon),South Korea
Mapo (Seoul),South Korea
Naju,South Korea
Namhae,South Korea
Osan,South Korea
Seongbuk (Seoul),South Korea
Seongdong (Seoul),South Korea
Seoul – Dobong,South Korea
Seoul – Eunpyeong,South Korea
Seoul – Jongno,South Korea
Sinan,South Korea
South Chungcheong,South Korea
Sunchang,South Korea
Uiseong,South Korea
Uljin,South Korea
Ulju,South Korea
Wanju,South Korea
Yangcheon (Seoul),South Korea
Yeongdeungpo (Seoul),South Korea
Yeongwol,South Korea
Yeonje (Busan),South Korea
Yesan,South Korea
Yongsan (Seoul),South Korea
Arbizu,Spain
Carballo,Spain
Hernani,Spain
Herrera del Duque,Spain
Huéscar,Spain
Ibiza,Spain
La Rinconada,Spain
Lepe,Spain
Lerma,Spain
Linares,Spain
Loja,Spain
Léon,Spain
Madridejos,Spain
Majadahonda,Spain
Marchena,Spain
Marín,Spain
Matadepera,Spain
Miguelturra,Spain
Miranda de Ebro,Spain
Mogente/Moixent,Spain
Moguer,Spain
Mondoñedo,Spain
Munébrega,Spain
Muro,Spain
Peraleda del Zaucejo,Spain
Peñarroya-Pueblonuevo,Spain
Roses,Spain
San Fernando,Spain
Sant Andreu (Barcelona),Spain
Sant Feliu de Llobregat,Spain
Santa Comba,Spain
Santa Cruz de Bezana,Spain
Santa Susanna,Spain
Segorbe,Spain
Soria,Spain
Tacoronte,Spain
Tauste,Spain
Toro,Spain
Torrent,Spain
Valdemoro,Spain
Valga,Spain
Villanueva de Castellón,Spain
Villanueva de Córdoba,Spain
Vinaròs,Spain
Vélez-Rubio,Spain
Xaló,Spain
Yepes,Spain
Zegama,Spain
Zestoa,Spain
Ólvega,Spain
Sabaragamuwa,Sri Lanka
Marowijne,Suriname
Hylte,Sweden
Härjedalen,Sweden
Munkedal,Sweden
Munkfors,Sweden
Sunne,Sweden
Ullånger (Kramfors),Sweden
Upplands-Bro,Sweden
Beatenberg,Switzerland
Biglen,Switzerland
Cheyres-Châbles,Switzerland
Gruyères,Switzerland
Heimberg,Switzerland
Kaisten,Switzerland
Kilchberg,Switzerland
Kirchdorf,Switzerland
Krauchthal,Switzerland
Kriens,Switzerland
Lachen,Switzerland
Laufen,Switzerland
Lengnau,Switzerland
Littau (Lucerne),Switzerland
Marly,Switzerland
Metzerlen-Mariastein,Switzerland
Oberthal,Switzerland
Oberwil,Switzerland
Pfäffikon,Switzerland
Port,Switzerland
Reinach,Switzerland
Risch,Switzerland
Roggwil,Switzerland
Rorschach,Switzerland
Rüti,Switzerland
Saas-Fee,Switzerland
Saint-Aubin,Switzerland
Saint-Martin,Switzerland
Saxon,Switzerland
Sion,Switzerland
Suhr,Switzerland
Trient,Switzerland
Valbirse,Switzerland
Vex,Switzerland
Wohlen,Switzerland
Lembá,São Tomé and Príncipe
Santana,São Tomé and Príncipe
Trindade (Mé-Zóchi),São Tomé and Príncipe
Hsinchu County,Taiwan
Nantou – Puli,Taiwan
New Taipei – Sanxia,Taiwan
New Taipei – Tamsui,Taiwan
New Taipei – Xindian,Taiwan
New Taipei – Xizhi,Taiwan
New Taipei – Yonghe,Taiwan
Pingtung,Taiwan
Pingtung – Hengchun,Taiwan
Puli,Taiwan
Taichung – Wuqi,Taiwan
Taipei – Shilin,Taiwan
Taoyuan – Guishan,Taiwan
Wuqi (Taichung),Taiwan
Xinying (Tainan),Taiwan
Yunlin – Beigang,Taiwan
Ishunju,Tanzania
Loiborsoit (Lolkisale),Tanzania
Makete,Tanzania
Moshi,Tanzania
Moshi Rural District,Tanzania
Same,Tanzania
Singida,Tanzania
Tanga,Tanzania
Prachinburi,Thailand
Tsévié,Togo
Eceabat,Turkey
Karasu,Turkey
Kestel,Turkey
Pazar,Turkey
Sinop,Turkey
Sur,Turkey
Taşköprü,Turkey
Tire,Turkey
Yenice,Turkey
Yenişehir,Turkey
Özdere (Menderes),Turkey
Türkmenbaşy,Turkmenistan
Jinja,Uganda
Hat,Ukraine
Hostomel,Ukraine
Hut,Ukraine
Industrialnyi (Kharkiv),Ukraine
Kamianka,Ukraine
Kamyanets-Podilskyi,Ukraine
Kirovsk,Ukraine
Korets Raion,Ukraine
Krynychne,Ukraine
Kukeziv,Ukraine
Kyivskyi (Donetsk),Ukraine
Mahala,Ukraine
Morshyn,Ukraine
Nikolske,Ukraine
Ocheretnya,Ukraine
Pechersk (Kyiv),Ukraine
Pecherskyi (Kyiv),Ukraine
Pervomaisk,Ukraine
Pidhaitsi Raion,Ukraine
Prymorsky District (Odesa),Ukraine
Rafainovo,Ukraine
Rakoshino,Ukraine
Rokytne,Ukraine
Serne,Ukraine
Shom,Ukraine
Slobozhanske,Ukraine
Solomianskyi (Kyiv),Ukraine
Solomianskyi District (Kyiv),Ukraine
Staryi Sambir,Ukraine
Svitlovodsk,Ukraine
Tyihlash,Ukraine
Ukrainka,Ukraine
Verkhnii Bystryi,Ukraine
Zalischyky,Ukraine
Zavodske,Ukraine
Zviahel Raion,Ukraine
Newcastle,United Kingdom
Amesbury,United States
Clarinda,United States
Clovis,United States
Cobb County,United States
Crescent City,United States
Diamond Bar,United States
Doral,United States
Dothan,United States
El Dorado,United States
El Dorado County,United States
Enid,United States
Frankfort,United States
Georgetown,United States
Gillette,United States
Goliad,United States
Granbury,United States
Grand Prairie,United States
Hagerstown,United States
Hancock,United States
Harlem (New York),United States
Harpers Ferry,United States
Harris County,United States
Hartford County,United States
Havre,United States
Helena,United States
Hemet,United States
Henrico County,United States
Hercules,United States
Hermann,United States
Hialeah,United States
Hibbing,United States
Hoffman Estates,United States
Hollister,United States
Holmes County,United States
Holyoke,United States
Hood River,United States
Hopkins,United States
Hopkinsville,United States
Hot Springs,United States
Hudson,United States
Idaho Falls,United States
Imperial Beach,United States
Independence,United States
Irondequoit,United States
Issaquah,United States
Jasper,United States
Jefferson City,United States
Jennings,United States
Jessup,United States
Johnston,United States
Joplin,United States
Julian,United States
Kailua-Kona,United States
Karnes County,United States
Keene,United States
Kelso,United States
Kenai,United States
Kennett Square,United States
Kennewick,United States
Killeen,United States
Kinderhook,United States
Kittitas County,United States
Kitty Hawk,United States
Klamath Falls,United States
Kokomo,United States
La Grange,United States
La Mirada,United States
La Vergne,United States
Lacey,United States
Laguna Niguel,United States
Lake Oswego,United States
Lake Worth,United States
Lancaster,United States
Lantana,United States
Laurens,United States
Laurinburg,United States
Lee's Summit,United States
Leesburg,United States
Liberty,United States
Lilburn,United States
Limerick Township,United States
Lincoln,United States
Lindsay,United States
Lindsborg,United States
Lindström,United States
Lititz,United States
Little Canada,United States
Littleton,United States
Livermore,United States
Lodi,United States
Longmont,United States
Longview,United States
Los Alamos,United States
Los Angeles County,United States
Lynchburg,United States
Lyndhurst,United States
Madawaska,United States
Madera,United States
Madison County,United States
Madras,United States
Magdalena,United States
Magna,United States
Malabar,United States
Malibu,United States
Manhattan (New York),United States
Manitowoc,United States
Mankato,United States
Manteo,United States
Marblehead,United States
Martinez,United States
Martinsburg,United States
Marysville,United States
Mason,United States
Mason City,United States
Maumee,United States
McMinnville,United States
Melrose,United States
Merced,United States
Mercer Island,United States
Miamisburg,United States
Middletown,United States
Midway,United States
Mineral Wells,United States
Minot,United States
Mishawaka,United States
Monroe,United States
Montevallo,United States
Mount Dora,United States
Mount Pleasant,United States
Mount Prospect,United States
Murray,United States
Nampa,United States
Napoleonville,United States
Nashua,United States
Natchitoches,United States
Neosho,United States
Nevada City,United States
New Braunfels,United States
New Castle County,United States
New Iberia,United States
New London,United States
New Rochelle,United States
New Ulm,United States
Newberg,United States
Newburgh,United States
Nogales,United States
Nome,United States
North Adams,United States
North Augusta,United States
North Little Rock,United States
Novato,United States
Oakwood,United States
Ocean City,United States
Oconomowoc,United States
Ogden,United States
Olathe,United States
Oneonta,United States
Orange City,United States
Oregon City,United States
Orem,United States
Orinda,United States
Osage,United States
Overland Park,United States
Owasso,United States
Oxnard,United States
Palatine,United States
Palatka,United States
Palmdale,United States
Palmer,United States
Paramount,United States
Park City,United States
Pawhuska,United States
Pawtucket,United States
Paynesville,United States
Peekskill,United States
Pembroke Pines,United States
Pico Rivera,United States
Pine Bluff,United States
Pinehurst,United States
Pinetop-Lakeside,United States
Plains,United States
Ponca City,United States
Pontiac,United States
Port Townsend,United States
Port Washington,United States
Porterville,United States
Post Falls,United States
Prairie View,United States
Prairie Village,United States
Queen Creek,United States
Radcliff,United States
Reading,United States
Red Hook,United States
Redford,United States
Reedley,United States
Rehoboth,United States
Rehoboth Beach,United States
Renton,United States
Rhinebeck,United States
Richland,United States
Richland County,United States
Ridgecrest,United States
Rio Bravo,United States
Rio Grande City,United States
Rochester Hills,United States
Rolla,United States
Rolling Meadows,United States
Roma,United States
Roselle,United States
Round Hill,United States
Round Rock,United States
Ruidoso,United States
Russells Point,United States
Rutland,United States
Rye,United States
Sahuarita,United States
Saint Peter,United States
Saline,United States
San Bernardino County,United States
San Bruno,United States
San Fernando,United States
San Marino,United States
San Mateo,United States
San Pablo,United States
San Ysidro (San Diego),United States
Santa Clara County,United States
Saranac Lake,United States
Saratoga,United States
Sault Ste. Marie,United States
Saxonburg,United States
Scandia,United States
Scranton,United States
Sedalia,United States
Sedona,United States
Seguin,United States
Seward,United States
Seymour,United States
Shaker Heights,United States
Shenandoah,United States
Shoreline,United States
Shoreview,United States
Show Low,United States
Sitka,United States
Smyrna,United States
Solvang,United States
Somerton,United States
South Euclid,United States
South Haven,United States
Southern Pines,United States
Sparks,United States
St. Anthony,United States
St. Augustine,United States
St. George,United States
St. James,United States
Staten Island (New York City),United States
Steamboat Springs,United States
Sterling,United States
Stone Park,United States
Stoughton,United States
Stratford,United States
Stromsburg,United States
Sturgis,United States
Subiaco,United States
Sumter County,United States
Sunnyvale,United States
Sylvania,United States
Tallahassee,United States
Tarpon Springs,United States
Tavares,United States
Tecumseh,United States
Temecula,United States
Temple,United States
Temple Terrace,United States
Tewksbury,United States
Thibodaux,United States
Thousand Oaks,United States
Thurston County,United States
Tifton,United States
Tippecanoe County,United States
Titusville,United States
Tooele,United States
Torrance,United States
Torrington,United States
Traverse City,United States
Trenton,United States
Tukwila,United States
Tulare,United States
Two Rivers,United States
Union County,United States
Urbana,United States
Utah County,United States
Vail,United States
Van Wert,United States
Vermillion,United States
Victoria,United States
Visalia,United States
Volusia County,United States
Von Ormy,United States
Wabash,United States
Waimea,United States
Walcott,United States
Walker,United States
Walla Walla,United States
Walnut,United States
Warminster Township,United States
Warren County,United States
Washington,United States
Washington D.C.,United States
Washougal,United States
Wasilla,United States
Waterville,United States
Waukegan,United States
Waukesha,United States
Waupaca,United States
Waverly,United States
Wenatchee,United States
West,United States
West Carrollton,United States
West Des Moines,United States
West Lafayette,United States
West Orange,United States
West Springfield,United States
Western Springs,United States
Westmont,United States
White Plains,United States
Whittier,United States
Wichita Falls,United States
Wilber,United States
Williamson County,United States
Windham,United States
Winston-Salem,United States
Winterset,United States
Wisconsin Dells,United States
Wise,United States
Wyandotte,United States
Wyandotte County,United States
Yellow Springs,United States
Yelm,United States
Yorba Linda,United States
Youngstown,United States
Yountville,United States
Yuma,United States
Turakurgan,Uzbekistan
Maneiro,Venezuela
Santa Fe de Sorte,Venezuela
Hoàn Kiếm (Hanoi),Vietnam
Hoàng Mai (Hanoi),Vietnam
Khánh Hòa,Vietnam
Nghệ An,Vietnam
Quảng Nam,Vietnam
Tây Hồ District (Hanoi),Vietnam
Đống Đa (Hanoi),Vietnam
Đồng Tháp,Vietnam
Holywell,Wales
Isle of Anglesey,Wales
Narberth,Wales
Newtown,Wales
Norton,Wales
Radyr and Morganstown,Wales
Raglan,Wales
Isle of Anglesey,"Wales, United Kingdom"
Narberth,"Wales, United Kingdom"
Newtown,"Wales, United Kingdom"
Pembroke,"Wales, United Kingdom"
Ariel,West Bank
Ain Beida,Western Sahara
Edchera,Western Sahara
Kasama,Zambia
Kadoma,Zimbabwe
Margreid an der Weinstraße,in Italy
Sund,"Åland Islands, Finland"
